{"Beginner": 3.0416994697081448, "Easy": 3.4182425809704964, "Medium": 2.69275805981851, "Hard": 2.058886310965798, "Challenge": 1.460763543702683}